﻿<?xml version="1.0" encoding="utf-8"?>
<publishData>
  <publishProfile publishUrl="D:\Users\jperez\Desktop\Servicio Transaccional" deleteExistingFiles="False" ftpAnonymousLogin="False" ftpPassiveMode="True" msdeploySite="" msdeploySiteID="" msdeployRemoteSitePhysicalPath="" msdeployAllowUntrustedCertificate="False" msdeploySkipExtraFilesOnServer="True" msdeployMarkAsApp="False" profileName="Profile1" publishMethod="FileSystem" replaceMatchingFiles="True" userName="" savePWD="False" userPWD="" SelectedForPublish="True">
    <file relUrl="Web.config" publishTime="11/23/2016 11:00:03" />
    <file relUrl="bin/amqmdnet.dll" publishTime="09/16/2016 12:37:22" />
    <file relUrl="bin/Binternacional.Caching.dll" publishTime="11/23/2016 10:59:38" />
    <file relUrl="bin/Bintenacional.Transaccional.Services.dll" publishTime="11/23/2016 10:59:45" />
    <file relUrl="bin/Binternacional.MessageQueue.pdb" publishTime="11/23/2016 10:59:40" />
    <file relUrl="Service1.svc" publishTime="11/02/2016 15:31:16" />
    <file relUrl="bin/Binternacional.MQ.pdb" publishTime="11/23/2016 10:59:41" />
    <file relUrl="bin/Binternacional.Transversal.pdb" publishTime="11/23/2016 10:59:38" />
    <file relUrl="bin/Binternacional.Invoke.pdb" publishTime="11/23/2016 10:59:43" />
    <file relUrl="bin/Binternacional.Socket.pdb" publishTime="11/23/2016 10:59:42" />
    <file relUrl="bin/Binternacional.DTO.pdb" publishTime="11/23/2016 10:59:37" />
    <file relUrl="bin/Binternacional.MessageQueue.dll" publishTime="11/23/2016 10:59:40" />
    <file relUrl="bin/Binternacional.DTO.dll" publishTime="11/23/2016 10:59:37" />
    <file relUrl="bin/Bintenacional.Transaccional.Services.pdb" publishTime="11/23/2016 10:59:45" />
    <file relUrl="bin/amqmdxcs.dll" publishTime="09/16/2016 12:37:22" />
    <file relUrl="bin/Binternacional.Invoke.dll" publishTime="11/23/2016 10:59:43" />
    <file relUrl="bin/Binternacional.Socket.dll" publishTime="11/23/2016 10:59:42" />
    <file relUrl="bin/Binternacional.Caching.pdb" publishTime="11/23/2016 10:59:38" />
    <file relUrl="bin/Binternacional.MQ.dll" publishTime="11/23/2016 10:59:41" />
    <file relUrl="bin/Binternacional.Transversal.dll" publishTime="11/23/2016 10:59:39" />
  </publishProfile>
</publishData>